{"0":[0.0,20.0,12.0],"1":[0.2,19.98,11.968],"2":[0.39780000000000004,19.9632264,11.940081333333334],"3":[0.593454264,19.9496518092456,11.916182487906365],"4":[0.787016239452456,19.939247167520307,11.89624520720346],"5":[0.9785385487331345,19.931981836890877,11.880214397974212],"6":[1.168072981614712,19.927823686662883,11.868038038826327],"7":[1.3556704886651936,19.926739171883504,11.85966708982023],"8":[1.5413811754973767,19.928693405715183,11.855055403144693],"9":[1.7252542977995549,19.933650225990508,11.854159634937469],"10":[1.9073382570814643,19.941572256245927,11.85693915830086],"11":[2.087680597073109,19.952420961519447,11.863355977549416],"12":[2.2663280007175723,19.966156699185472,11.873374643715284],"13":[2.4433262877022512,19.982738765088317,11.886962171326122],"14":[2.618720412476112,20.00212543522477,11.904087956460947],"15":[2.7925544627035985,20.024274003215382,11.924723696080514],"16":[2.9648716581087164,20.04914081379387,11.948843308621045],"17":[3.135714349665568,20.076681292534207,11.97642285583297],"18":[3.3051240190942544,20.10684997202561,12.007440465840077],"19":[3.473141278623568,20.13960051469673,12.041876257388703],"20":[3.6398058709842993,20.17488573248188,12.079712265251581],"21":[3.805156669599275,20.212657603514096,12.120932366746436],"22":[3.969231678938423,20.252867286022273,12.16552220932545],"23":[4.132068035009262,20.295465129602444,12.213469139188264],"24":[4.293702005955193,20.340400684026488,12.264762130868105],"25":[4.454168992735906,20.387622705745336,12.31939171773806],"26":[4.6135035298660005,20.43707916223768,12.377349923382289],"27":[4.771739286189717,20.488717234349778,12.43863019377507],"28":[4.928909065671318,20.542483316766717,12.503227330209116],"29":[5.085044808182272,20.59832301675073,12.571137422913305],"30":[5.240177590267956,20.65618115127775,12.642357785299126],"31":[5.394337625878054,20.7160017426993,12.716886888774436],"32":[5.547554267046267,20.777728013053036,12.79472429806277],"33":[5.6998560045063345,20.84130237714188,12.875870606966275],"34":[5.8512704682326895,20.90666643449855,12.960327374510449],"35":[6.0018244278953485,20.973760960349466,13.048097061409127],"36":[6.15154379321989,21.042525895689472,13.139182966788699],"37":[6.300453614244586,21.11290033657661,13.233589165111226],"38":[6.448578081467907,21.184822522754132,13.331320443237033],"39":[6.595940525880769,21.258229825705197,13.43238223756842],"40":[6.742563418879013,21.333058736244254,13.536780571217427],"41":[6.888468372052666,21.40924485174774,13.644521991141978],"42":[7.033676136849616,21.48672286312571,13.755613505196395],"43":[7.178206604112376,21.565426541635148,13.870062519044007],"44":[7.322078803487604,21.645288725635005,13.987876772881556],"45":[7.465310902709078,21.726241307382512,14.109064277927214],"46":[7.6079202067558125,21.808215219969952,14.2336332526263],"47":[7.749923156887954,21.89114042450094,14.361592058531253],"48":[7.891335329564084,21.97494589760511,14.492949135815028],"49":[8.032171435244495,22.059559619390267,14.627712938379885],"50":[8.172445317085952,22.14490856193111,14.765891868526477],"51":[8.312169949534404,22.23091867839405,14.907494211151324],"52":[8.451357436823,22.31751489289783,15.05252806744401],"53":[8.590019011383749,22.404621091210196,15.201001288058993],"54":[8.728165032182014,22.492160112381235,15.352921405740513],"55":[8.865804982984006,22.580053741414527,15.508295567382998],"56":[9.00294747056831,22.668222703077774,15.667130465513322],"57":[9.139600222893405,22.75658665695505,15.829432269185574],"58":[9.27577008723402,22.84506419384339,15.995206554283278],"59":[9.411463028300114,22.93357283359675,16.164458233228718],"60":[9.54668412635308,23.02202902452102,16.337191484103666],"61":[9.68143757533476,23.110348144423902,16.51340967919089],"62":[9.815726681025652,23.198444503423836,16.693115312950873],"63":[9.949553859249633,23.286231348622362,16.876309929453555],"64":[10.08292063414336,23.37362087074424,17.06299404929041],"65":[10.215827636509369,23.460524212849656,17.253167095997906],"66":[10.348274602272772,23.546851481222458,17.446827322029204],"67":[10.480260371062268,23.63251175853808,17.643971734317084],"68":[10.611782884937027,23.71741311941398,17.84459601947724],"69":[10.742839187281795,23.801462648444698,18.048694468707545],"70":[10.873425421893424,23.884566460822438,18.256259902445326],"71":[11.003536832282714,23.96662972564269,18.46728359485148],"72":[11.133167761216313,24.047556691992806,18.681755198197],"73":[11.262311650524078,24.127250717919367,18.899662667234455],"74":[11.39096104119803,24.20561430236795,19.120992183644034],"75":[11.51910757380973,24.282549120186186,19.345728080650858],"76":[11.646741989273496,24.357956060277985,19.573852767917533],"77":[11.77385412998354,24.431735266993403,19.805346656823204],"78":[11.900432941353639,24.503786184834755,20.040188086247632],"79":[12.02646647378845,24.57400760655532,20.2783532489862],"80":[12.151941885116118,24.64229772472227,20.519816118929096],"81":[12.27684544351218,24.708554186810304,20.76454837914517],"82":[12.401162530945161,24.772674153886737,21.012519351018234],"83":[12.524877647174577,24.834554362942708,21.263695924590678],"84":[12.647974414332259,24.89409119291843,21.5180424902764],"85":[12.77043558211812,24.951180734463286,21.77552087211175],"86":[12.892243033641572,25.00571886346376,22.036090262720034],"87":[13.013377791939794,25.05760131836401,22.299707160171472],"88":[13.133820027204036,25.106723781295024,22.566325306926693],"89":[13.253549064744947,25.152981963018927,22.835895631057806],"90":[13.372543393727687,25.196271691685148,23.1083661899465],"91":[13.490780676707262,25.236489005384627,23.383682116663856],"92":[13.608237759994035,25.273530248477293,23.661785569241196],"93":[13.724890684878867,25.307292171656417,23.942615683045567],"94":[13.840714699746643,25.3376720357015,24.226108526477052],"95":[13.955684273106192,25.364567718858638,24.51219706020834],"96":[14.069773107563716,25.38787782777432,24.800811100189332],"97":[14.182954154765822,25.40750181189512,25.09187728464149],"98":[14.295199631337114,25.423340081231586,25.385319045267686],"99":[14.406481035836059,25.435294127370508,25.68105658290355],"100":[14.516769166751404,25.443266647604712,25.97900684783602],"101":[14.626034141559938,25.447161672034657,26.27908352501317],"102":[14.734245416864685,25.446884693480552,26.581197024367444],"103":[14.841371809630843,25.442342800028218,26.885254476470866],"104":[14.947381519534817,25.433444810016006,27.191159733736914],"105":[15.052242152439629,25.420101409254187,27.49881337737829],"106":[15.155920745007775,25.402225290252197,27.808112730323614],"107":[15.258383790460218,25.379731293213137,28.118951876288644],"108":[15.359597265487748,25.352536548538918,28.43122168518914],"109":[15.45952665831826,25.32056062057373,28.74480984507275],"110":[15.558136997940816,25.283725652297875,29.059600900736548],"111":[15.655392884484385,25.241956510668775,29.37547629918472],"112":[15.751258520746228,25.195180932291073,29.692314442067815],"113":[15.845697744861678,25.14332966908338,30.00999074523046],"114":[15.938674064103894,25.086336633595405,30.32837770547889],"115":[16.03015068979881,25.024139043616056,30.64734497466288],"116":[16.12009057333698,24.956677565700712,30.966759441148753],"117":[16.20845644326062,24.883896457234393,31.28648531874102],"118":[16.29521084340036,24.805743706636928,31.606384243090066],"119":[16.380316172032725,24.722171171306822,31.926315375602158],"120":[16.463734722025464,24.633134712892037,32.24613551484567],"121":[16.54542872193413,24.538594329468953,32.56569921542439],"122":[16.62536037800948,24.43851428420489,32.88485891426461],"123":[16.70349191707143,24.3328632300753,33.203465064237946],"124":[16.77978563020147,24.221614330203963,33.52136627501608],"125":[16.854203917201495,24.104745373393165,33.83840946102761],"126":[16.926709331763412,23.982238884411494,34.15443999636026],"127":[16.997264627289894,23.854082228608913,34.469301876424645],